location,iso_code,date,total_vaccinations,people_vaccinated,people_fully_vaccinated,total_boosters,daily_vaccinations_raw,daily_vaccinations,total_vaccinations_per_hundred,people_vaccinated_per_hundred,people_fully_vaccinated_per_hundred,total_boosters_per_hundred,daily_vaccinations_per_million
Europe,OWID_EUR,2020-12-02,0,0,,,,,0.0,0.0,,,
Europe,OWID_EUR,2020-12-03,0,0,,,0,0,0.0,0.0,,,0
Europe,OWID_EUR,2020-12-04,1,1,,,1,0,0.0,0.0,,,0
Europe,OWID_EUR,2020-12-05,1,1,,,0,0,0.0,0.0,,,0
Europe,OWID_EUR,2020-12-06,1,1,,,0,0,0.0,0.0,,,0
Europe,OWID_EUR,2020-12-07,1,1,,,0,0,0.0,0.0,,,0
Europe,OWID_EUR,2020-12-08,1,1,,,0,0,0.0,0.0,,,0
Europe,OWID_EUR,2020-12-09,1,1,,,0,0,0.0,0.0,,,0
Europe,OWID_EUR,2020-12-10,1,1,,,0,0,0.0,0.0,,,0
Europe,OWID_EUR,2020-12-11,1,1,,,0,0,0.0,0.0,,,0
Europe,OWID_EUR,2020-12-12,1,1,,,0,0,0.0,0.0,,,0
Europe,OWID_EUR,2020-12-13,86466,86466,,,86465,12352,0.01,0.01,,,17
Europe,OWID_EUR,2020-12-14,86466,86466,,,0,12352,0.01,0.01,,,17
Europe,OWID_EUR,2020-12-15,114966,114966,,,28500,16424,0.02,0.02,,,22
Europe,OWID_EUR,2020-12-16,114967,114967,,,1,16424,0.02,0.02,,,22
Europe,OWID_EUR,2020-12-17,114974,114974,,,7,16425,0.02,0.02,,,22
Europe,OWID_EUR,2020-12-18,114986,114986,,,12,16426,0.02,0.02,,,22
Europe,OWID_EUR,2020-12-19,114987,114987,,,1,16427,0.02,0.02,,,22
Europe,OWID_EUR,2020-12-20,703817,703817,,,588830,88193,0.09,0.09,,,118
Europe,OWID_EUR,2020-12-21,703826,703826,,,9,88194,0.09,0.09,,,118
Europe,OWID_EUR,2020-12-22,727346,727346,,,23520,87483,0.1,0.1,,,117
Europe,OWID_EUR,2020-12-23,727785,727760,,,439,87545,0.1,0.1,,,117
Europe,OWID_EUR,2020-12-24,728064,728036,,,279,87584,0.1,0.1,,,117
Europe,OWID_EUR,2020-12-25,728064,728036,,,0,87583,0.1,0.1,,,117
Europe,OWID_EUR,2020-12-26,728508,728480,,,444,87646,0.1,0.1,,,117
Europe,OWID_EUR,2020-12-27,1115351,1115305,18,,386843,58791,0.15,0.15,0.0,,79
Europe,OWID_EUR,2020-12-28,1156025,1154579,181,,40674,64600,0.15,0.15,0.0,,86
Europe,OWID_EUR,2020-12-29,1249465,1247132,935,,93440,74588,0.17,0.17,0.0,,100
Europe,OWID_EUR,2020-12-30,1401067,1398463,1085,,151602,96183,0.19,0.19,0.0,,129
Europe,OWID_EUR,2020-12-31,1509026,1502765,1175,,107959,111566,0.2,0.2,0.0,,149
Europe,OWID_EUR,2021-01-01,1550281,1544010,1185,,41255,117460,0.21,0.21,0.0,,157
Europe,OWID_EUR,2021-01-02,2400289,2393732,1484,,850008,238826,0.32,0.32,0.0,,319
Europe,OWID_EUR,2021-01-03,2860595,2854033,1489,,460306,249321,0.38,0.38,0.0,,333
Europe,OWID_EUR,2021-01-04,3137384,3126641,1591,,276789,283051,0.42,0.42,0.0,,379
Europe,OWID_EUR,2021-01-05,3456914,3443442,1950,,319530,315350,0.46,0.46,0.0,,422
Europe,OWID_EUR,2021-01-06,3720835,3706610,2077,,263921,331395,0.5,0.5,0.0,,443
Europe,OWID_EUR,2021-01-07,4120760,4091455,2129,,399925,373105,0.55,0.55,0.0,,499
Europe,OWID_EUR,2021-01-08,4509647,4475712,2285,,388887,422767,0.6,0.6,0.0,,565
Europe,OWID_EUR,2021-01-09,4706547,4672259,2448,,196900,329465,0.63,0.62,0.0,,441
Europe,OWID_EUR,2021-01-10,6227777,5777239,394012,,1521230,481026,0.83,0.77,0.05,,643
Europe,OWID_EUR,2021-01-11,6841935,6366776,414969,,614158,529222,0.92,0.85,0.06,,708
Europe,OWID_EUR,2021-01-12,7539319,7043988,431144,,697384,583201,1.01,0.94,0.06,,780
Europe,OWID_EUR,2021-01-13,8643081,8093745,441370,,1103762,703178,1.16,1.08,0.06,,940
Europe,OWID_EUR,2021-01-14,9519684,8953987,446955,,876603,771275,1.27,1.2,0.06,,1031
Europe,OWID_EUR,2021-01-15,10402201,9820305,452251,,882517,841793,1.39,1.31,0.06,,1126
Europe,OWID_EUR,2021-01-16,10921668,10335828,455994,,519467,887874,1.46,1.38,0.06,,1187
Europe,OWID_EUR,2021-01-17,11399527,10769168,483815,,477859,738821,1.52,1.44,0.06,,988
Europe,OWID_EUR,2021-01-18,12236236,11548072,528037,,836709,770614,1.64,1.54,0.07,,1031
Europe,OWID_EUR,2021-01-19,13170504,12396143,611965,,934268,804455,1.76,1.66,0.08,,1076
Europe,OWID_EUR,2021-01-20,14216490,13293746,725349,,1045986,796201,1.9,1.78,0.1,,1065
Europe,OWID_EUR,2021-01-21,15336817,14259713,858873,,1120327,831019,2.05,1.91,0.11,,1111
Europe,OWID_EUR,2021-01-22,16414728,15223953,947819,,1077911,858932,2.2,2.04,0.13,,1149
Europe,OWID_EUR,2021-01-23,17240036,15949213,1047392,,825308,902624,2.31,2.13,0.14,,1207
Europe,OWID_EUR,2021-01-24,17966654,16559917,1142202,,726618,938161,2.4,2.21,0.15,,1255
Europe,OWID_EUR,2021-01-25,18810142,17285140,1365711,,843488,939129,2.52,2.31,0.18,,1256
Europe,OWID_EUR,2021-01-26,19833646,18027822,1638134,,1023504,951877,2.65,2.41,0.22,,1273
Europe,OWID_EUR,2021-01-27,20861434,18923702,1897083,,1027788,949278,2.79,2.53,0.25,,1270
Europe,OWID_EUR,2021-01-28,22054608,19772330,2223587,,1193174,959684,2.95,2.64,0.3,,1283
Europe,OWID_EUR,2021-01-29,23200582,20592760,2517935,,1145974,969408,3.1,2.75,0.34,,1296
Europe,OWID_EUR,2021-01-30,24179431,21388311,2761293,,978849,991342,3.23,2.86,0.37,,1326
Europe,OWID_EUR,2021-01-31,25161787,22076835,3055125,,982356,1027876,3.37,2.95,0.41,,1375
Europe,OWID_EUR,2021-02-01,26084374,22655902,3408100,,922587,1039176,3.49,3.03,0.46,,1390
Europe,OWID_EUR,2021-02-02,27233459,23386438,3825875,,1149085,1057116,3.64,3.13,0.51,,1414
Europe,OWID_EUR,2021-02-03,28557961,24208265,4327751,,1324502,1099504,3.82,3.24,0.58,,1470
Europe,OWID_EUR,2021-02-04,29952481,25069700,4860109,,1394520,1128268,4.01,3.35,0.65,,1509
Europe,OWID_EUR,2021-02-05,31169354,25860688,5285388,,1216873,1138396,4.17,3.46,0.71,,1522
Europe,OWID_EUR,2021-02-06,32069267,26554290,5491948,,899913,1127119,4.29,3.55,0.73,,1507
Europe,OWID_EUR,2021-02-07,32978442,27168710,5786703,,909175,1116665,4.41,3.63,0.77,,1493
Europe,OWID_EUR,2021-02-08,33819411,27716809,6078806,,840969,1105005,4.52,3.71,0.81,,1478
Europe,OWID_EUR,2021-02-09,34979083,28474965,6480659,,1159672,1106518,4.68,3.81,0.87,,1480
Europe,OWID_EUR,2021-02-10,36258631,29312672,6921737,,1279548,1100096,4.85,3.92,0.93,,1471
Europe,OWID_EUR,2021-02-11,37821170,30342960,7452045,,1562539,1124098,5.06,4.06,1.0,,1503
Europe,OWID_EUR,2021-02-12,39348286,31394839,7926375,,1527116,1168419,5.26,4.2,1.06,,1563
Europe,OWID_EUR,2021-02-13,40272088,32116756,8128105,,923802,1171832,5.39,4.3,1.09,,1567
Europe,OWID_EUR,2021-02-14,41348605,32835125,8486250,,1076517,1195738,5.53,4.39,1.13,,1599
Europe,OWID_EUR,2021-02-15,42236779,33428152,8780594,,888174,1202481,5.65,4.47,1.17,,1608
Europe,OWID_EUR,2021-02-16,43336510,34189238,9118350,,1099731,1193918,5.8,4.57,1.22,,1597
Europe,OWID_EUR,2021-02-17,44775282,35206213,9539205,,1438772,1216664,5.99,4.71,1.28,,1627
Europe,OWID_EUR,2021-02-18,46389036,36360210,9997482,,1613754,1223981,6.2,4.86,1.34,,1637
Europe,OWID_EUR,2021-02-19,47669573,37282179,10353302,,1280537,1188755,6.38,4.99,1.38,,1590
Europe,OWID_EUR,2021-02-20,48520657,37965328,10521087,,851084,1178367,6.49,5.08,1.41,,1576
Europe,OWID_EUR,2021-02-21,49513009,38695145,10783617,,992352,1166343,6.62,5.17,1.44,,1560
Europe,OWID_EUR,2021-02-22,50440182,39377242,11029101,,927173,1171915,6.75,5.27,1.47,,1567
Europe,OWID_EUR,2021-02-23,51917993,40284754,11598039,,1477811,1225926,6.94,5.39,1.55,,1639
Europe,OWID_EUR,2021-02-24,53657366,41614631,12007009,,1739373,1268869,7.18,5.57,1.61,,1697
Europe,OWID_EUR,2021-02-25,55301153,42895553,12364837,,1643787,1273160,7.4,5.74,1.65,,1703
Europe,OWID_EUR,2021-02-26,57098409,44267020,12789944,,1797256,1346977,7.64,5.92,1.71,,1801
Europe,OWID_EUR,2021-02-27,58221368,45244468,12935457,,1122959,1385816,7.79,6.05,1.73,,1853
Europe,OWID_EUR,2021-02-28,59513866,46264366,13208051,,1292498,1428694,7.96,6.19,1.77,,1911
Europe,OWID_EUR,2021-03-01,60667094,47177281,13443576,,1153228,1460987,8.11,6.31,1.8,,1954
Europe,OWID_EUR,2021-03-02,66269106,51390817,14829075,,5602012,2050159,8.86,6.87,1.98,,2742
Europe,OWID_EUR,2021-03-03,68298558,52853411,15393065,,2029452,2091599,9.13,7.07,2.06,,2797
Europe,OWID_EUR,2021-03-04,70985264,54912406,16022111,,2686706,2240587,9.49,7.34,2.14,,2996
Europe,OWID_EUR,2021-03-05,73104464,56562623,16490164,,2119200,2286579,9.78,7.56,2.21,,3058
Europe,OWID_EUR,2021-03-06,74939115,58025808,16861445,,1834651,2388250,10.02,7.76,2.25,,3194
Europe,OWID_EUR,2021-03-07,76469421,59259271,17158280,,1530306,2422222,10.23,7.93,2.29,,3239
Europe,OWID_EUR,2021-03-08,77889344,60372783,17464488,,1419923,2460321,10.42,8.07,2.34,,3290
Europe,OWID_EUR,2021-03-09,79551874,61666209,17833059,,1662530,1897538,10.64,8.25,2.38,,2538
Europe,OWID_EUR,2021-03-10,81678575,63096348,18523232,,2126701,1911431,10.92,8.44,2.48,,2556
Europe,OWID_EUR,2021-03-11,84160819,64822117,19278729,,2482244,1882222,11.26,8.67,2.58,,2517
Europe,OWID_EUR,2021-03-12,86276314,66428122,19788369,,2115495,1881693,11.54,8.88,2.65,,2516
Europe,OWID_EUR,2021-03-13,87925220,67793037,20072347,,1648906,1855158,11.76,9.07,2.68,,2481
Europe,OWID_EUR,2021-03-14,89346318,68896304,20390174,,1421098,1839557,11.95,9.21,2.73,,2460
Europe,OWID_EUR,2021-03-15,91021823,70168365,20793338,,1675505,1876068,12.17,9.38,2.78,,2509
Europe,OWID_EUR,2021-03-16,92643421,71363831,21218890,,1621598,1870221,12.39,9.54,2.84,,2501
Europe,OWID_EUR,2021-03-17,95093050,72693797,22328139,,2449629,1916354,12.72,9.72,2.99,,2563
Europe,OWID_EUR,2021-03-18,97266713,74173745,23020801,,2173663,1872271,13.01,9.92,3.08,,2504
Europe,OWID_EUR,2021-03-19,99712395,75879136,23758919,,2445682,1919440,13.34,10.15,3.18,,2567
Europe,OWID_EUR,2021-03-20,101664274,77444684,24145242,,1951879,1962722,13.6,10.36,3.23,,2625
Europe,OWID_EUR,2021-03-21,103076525,78450468,24551711,,1412251,1961458,13.78,10.49,3.28,,2623
Europe,OWID_EUR,2021-03-22,104927815,79698014,25140034,,1851290,1986570,14.03,10.66,3.36,,2657
Europe,OWID_EUR,2021-03-23,106981596,81157233,25730201,,2053781,2048311,14.31,10.85,3.44,,2739
Europe,OWID_EUR,2021-03-24,109470769,82802245,26570425,,2489173,2053960,14.64,11.07,3.55,,2747
Europe,OWID_EUR,2021-03-25,111927347,84480597,27342054,,2456578,2094376,14.97,11.3,3.66,,2801
Europe,OWID_EUR,2021-03-26,115055449,86618492,28328287,,3128102,2191865,15.39,11.58,3.79,,2931
Europe,OWID_EUR,2021-03-27,116824606,87883681,28830405,,1769157,2165762,15.62,11.75,3.86,,2896
Europe,OWID_EUR,2021-03-28,118543179,89092592,29326121,,1718573,2209522,15.85,11.91,3.92,,2955
Europe,OWID_EUR,2021-03-29,123445861,91880995,31439783,,4902682,2645435,16.51,12.29,4.2,,3538
Europe,OWID_EUR,2021-03-30,126104598,93598153,32339013,,2658737,2731857,16.86,12.52,4.32,,3653
Europe,OWID_EUR,2021-03-31,129148494,95574968,33384066,,3043896,2811104,17.27,12.78,4.46,,3759
Europe,OWID_EUR,2021-04-01,132374247,97571067,34595789,,3225753,2920986,17.7,13.05,4.63,,3906
Europe,OWID_EUR,2021-04-02,134578104,98970929,35383083,,2203857,2788951,18.0,13.24,4.73,,3730
Europe,OWID_EUR,2021-04-03,136418124,100202834,35978150,,1840020,2799074,18.24,13.4,4.81,,3743
Europe,OWID_EUR,2021-04-04,137979016,101320458,36412518,,1560892,2776548,18.45,13.55,4.87,,3713
Europe,OWID_EUR,2021-04-05,139222422,102234448,36731233,,1243406,2253794,18.62,13.67,4.91,,3014
Europe,OWID_EUR,2021-04-06,141723176,103879833,37571092,,2500754,2231225,18.95,13.89,5.02,,2984
Europe,OWID_EUR,2021-04-07,145713822,106422242,39007968,,3990646,2366475,19.49,14.23,5.22,,3165
Europe,OWID_EUR,2021-04-08,149692598,109247576,40150224,,3978776,2474050,20.02,14.61,5.37,,3309
Europe,OWID_EUR,2021-04-09,153578893,111972274,41303000,,3886295,2714398,20.54,14.97,5.52,,3630
Europe,OWID_EUR,2021-04-10,156529319,113950293,42269164,,2950426,2873028,20.93,15.24,5.65,,3842
Europe,OWID_EUR,2021-04-11,158852816,115620699,42920447,,2323497,2981971,21.24,15.46,5.74,,3988
Europe,OWID_EUR,2021-04-12,161625940,117677133,43623768,,2773124,3200503,21.62,15.74,5.83,,4280
Europe,OWID_EUR,2021-04-13,164889890,119995604,44554395,,3263950,3309531,22.05,16.05,5.96,,4426
Europe,OWID_EUR,2021-04-14,168592986,122658084,45586997,,3703096,3268452,22.55,16.4,6.1,,4371
Europe,OWID_EUR,2021-04-15,172697846,125544501,46787782,,4104860,3286464,23.1,16.79,6.26,,4395
Europe,OWID_EUR,2021-04-16,176421320,128105566,47939170,,3723474,3263204,23.59,17.13,6.41,,4364
Europe,OWID_EUR,2021-04-17,179018650,129742887,48888892,,2597330,3212762,23.94,17.35,6.54,,4297
Europe,OWID_EUR,2021-04-18,182084441,131849770,49839716,,3065791,3318804,24.35,17.63,6.67,,4438
Europe,OWID_EUR,2021-04-19,185266333,134182193,50679865,,3181892,3377199,24.78,17.94,6.78,,4516
Europe,OWID_EUR,2021-04-20,188469119,136374749,51684792,,3202786,3368461,25.2,18.24,6.91,,4505
Europe,OWID_EUR,2021-04-21,192539225,139091314,53015041,,4070106,3420891,25.75,18.6,7.09,,4575
Europe,OWID_EUR,2021-04-22,196743207,141840595,54457725,,4203982,3435052,26.31,18.97,7.28,,4594
Europe,OWID_EUR,2021-04-23,200906482,144557911,55899672,,4163275,3497880,26.87,19.33,7.48,,4678
Europe,OWID_EUR,2021-04-24,203794832,146215792,57125665,,2888350,3539455,27.25,19.55,7.64,,4733
Europe,OWID_EUR,2021-04-25,207151277,148718115,58023049,,3356445,3580977,27.7,19.89,7.76,,4789
Europe,OWID_EUR,2021-04-26,209827498,150422291,59010499,,2676221,3508738,28.06,20.12,7.89,,4692
Europe,OWID_EUR,2021-04-27,213819742,153055899,60469831,,3992244,3621518,28.6,20.47,8.09,,4843
Europe,OWID_EUR,2021-04-28,218957167,156306732,62304106,,5137425,3773992,29.28,20.9,8.33,,5047
Europe,OWID_EUR,2021-04-29,224054520,159519435,64212328,,5097353,3901616,29.96,21.33,8.59,,5218
Europe,OWID_EUR,2021-04-30,228045584,162020877,65714407,,3991064,3877015,30.5,21.67,8.79,,5185
Europe,OWID_EUR,2021-05-01,230726806,163722154,66699873,,2681222,3847425,30.86,21.9,8.92,,5145
Europe,OWID_EUR,2021-05-02,234105438,165993616,67902971,,3378632,3850594,31.31,22.2,9.08,,5150
Europe,OWID_EUR,2021-05-03,236722736,167703837,68831746,,2617298,3842177,31.66,22.43,9.21,,5138
Europe,OWID_EUR,2021-05-04,240407860,170015638,70225158,,3685124,3798303,32.15,22.74,9.39,,5080
Europe,OWID_EUR,2021-05-05,246326392,173481693,72851707,,5918532,3909889,32.94,23.2,9.74,,5229
Europe,OWID_EUR,2021-05-06,251947814,176753610,75244319,,5621422,3984756,33.69,23.64,10.06,,5329
Europe,OWID_EUR,2021-05-07,256655481,179524791,77221848,,4707667,4087128,34.32,24.01,10.33,,5466
Europe,OWID_EUR,2021-05-08,259993390,181426957,78682200,,3337909,4180941,34.77,24.26,10.52,,5591
Europe,OWID_EUR,2021-05-09,263765048,183934593,80011505,,3771658,4237087,35.27,24.6,10.7,,5666
Europe,OWID_EUR,2021-05-10,267399415,186178907,81440996,,3634367,4382383,35.76,24.9,10.89,,5861
Europe,OWID_EUR,2021-05-11,272024537,189494133,83403584,,4625122,4516668,36.38,25.34,11.15,,6040
Europe,OWID_EUR,2021-05-12,277695381,192865982,85733795,,5670844,4481284,37.14,25.79,11.47,,5993
Europe,OWID_EUR,2021-05-13,282446942,195604912,87808610,,4751561,4357018,37.77,26.16,11.74,,5827
Europe,OWID_EUR,2021-05-14,287112551,198301284,89841189,,4665609,4351010,38.4,26.52,12.01,,5819
Europe,OWID_EUR,2021-05-15,290939036,200607442,91411230,,3826485,4420807,38.91,26.83,12.22,,5912
Europe,OWID_EUR,2021-05-16,294958182,203102014,93010787,,4019146,4456162,39.45,27.16,12.44,,5959
Europe,OWID_EUR,2021-05-17,298507140,205224454,94523507,,3548958,4443961,39.92,27.45,12.64,,5943
Europe,OWID_EUR,2021-05-18,303249324,208031165,96548215,,4742184,4460684,40.56,27.82,12.91,,5965
Europe,OWID_EUR,2021-05-19,308315888,210844277,98864574,,5066564,4374358,41.23,28.2,13.22,,5850
Europe,OWID_EUR,2021-05-20,314142248,214084075,101565820,,5826360,4527901,42.01,28.63,13.58,,6055
Europe,OWID_EUR,2021-05-21,318992723,216703094,103891742,,4850475,4554310,42.66,28.98,13.89,,6091
Europe,OWID_EUR,2021-05-22,323162649,218702735,106157447,,4169926,4603373,43.22,29.25,14.2,,6156
Europe,OWID_EUR,2021-05-23,327696571,221273909,108150366,,4533922,4676913,43.82,29.59,14.46,,6255
Europe,OWID_EUR,2021-05-24,330783895,223026284,109597329,,3087324,4610965,44.24,29.83,14.66,,6166
Europe,OWID_EUR,2021-05-25,335237636,225389001,111791396,,4453741,4569759,44.83,30.14,14.95,,6111
Europe,OWID_EUR,2021-05-26,340968705,228307101,114743305,,5731069,4664688,45.6,30.53,15.35,,6238
Europe,OWID_EUR,2021-05-27,346242159,230853883,117636682,,5273454,4585702,46.3,30.87,15.73,,6133
Europe,OWID_EUR,2021-05-28,351078020,233100434,120434124,,4835861,4583614,46.95,31.17,16.11,,6130
Europe,OWID_EUR,2021-05-29,354386565,234740604,122278133,,3308545,4460559,47.39,31.39,16.35,,5965
Europe,OWID_EUR,2021-05-30,358593103,236796687,124632421,,4206538,4413790,47.96,31.67,16.67,,5903
Europe,OWID_EUR,2021-05-31,361916828,238493718,126495679,,3323725,4447562,48.4,31.89,16.92,,5948
Europe,OWID_EUR,2021-06-01,367334130,240961322,129693244,,5417302,4585213,49.13,32.22,17.34,,6132
Europe,OWID_EUR,2021-06-02,373351511,244090651,132789878,,6017381,4626115,49.93,32.64,17.76,,6187
Europe,OWID_EUR,2021-06-03,378301580,246752616,135238531,,4950069,4579917,50.59,33.0,18.09,,6125
Europe,OWID_EUR,2021-06-04,383114973,249361568,137680516,,4813393,4576708,51.24,33.35,18.41,,6121
Europe,OWID_EUR,2021-06-05,386771659,251201887,139603764,,3656686,4626442,51.72,33.59,18.67,,6187
Europe,OWID_EUR,2021-06-06,392131111,254070873,142531599,,5359452,4791144,52.44,33.98,19.06,,6407
Europe,OWID_EUR,2021-06-07,396336321,256213372,144899790,,4205210,4917070,53.0,34.26,19.38,,6576
Europe,OWID_EUR,2021-06-08,401419858,258750048,147705655,,5083537,4869390,53.68,34.6,19.75,,6512
Europe,OWID_EUR,2021-06-09,408134631,262042913,151519472,,6714773,4969017,54.58,35.04,20.26,,6645
Europe,OWID_EUR,2021-06-10,413990482,264965205,154721229,,5855851,5098415,55.37,35.44,20.69,,6818
Europe,OWID_EUR,2021-06-11,418958004,267427209,157416002,,4967522,5120433,56.03,35.76,21.05,,6848
Europe,OWID_EUR,2021-06-12,422641024,269330445,159334530,,3683020,5124195,56.52,36.02,21.31,,6853
Europe,OWID_EUR,2021-06-13,428206848,272498917,161999083,,5565824,5153677,57.27,36.44,21.66,,6892
Europe,OWID_EUR,2021-06-14,432000239,274233467,164237843,,3793391,5094845,57.77,36.67,21.96,,6814
Europe,OWID_EUR,2021-06-15,436411318,276368273,166725662,,4411079,4998780,58.36,36.96,22.3,,6685
Europe,OWID_EUR,2021-06-16,442405752,279133235,170257984,,5994434,4895874,59.17,37.33,22.77,,6547
Europe,OWID_EUR,2021-06-17,448413200,282141041,173490070,,6007448,4917531,59.97,37.73,23.2,,6576
Europe,OWID_EUR,2021-06-18,453233627,284394598,176240680,,4820427,4896518,60.61,38.03,23.57,,6548
Europe,OWID_EUR,2021-06-19,456741965,285959980,178151813,,3508338,4871563,61.08,38.24,23.83,,6515
Europe,OWID_EUR,2021-06-20,462986612,288631932,181055937,,6244647,4968538,61.92,38.6,24.21,,6645
Europe,OWID_EUR,2021-06-21,466639236,290234679,183285634,,3652624,4948428,62.41,38.81,24.51,,6618
Europe,OWID_EUR,2021-06-22,472247585,292777940,186550540,,5608349,5119467,63.16,39.15,24.95,,6847
Europe,OWID_EUR,2021-06-23,477637611,295082894,189809220,,5390026,5033123,63.88,39.46,25.38,,6731
Europe,OWID_EUR,2021-06-24,483216612,297549254,193104393,,5579001,4971916,64.62,39.79,25.82,,6649
Europe,OWID_EUR,2021-06-25,487841772,299672734,195674714,,4625160,4944021,65.24,40.08,26.17,,6612
Europe,OWID_EUR,2021-06-26,491703200,301362745,197909137,,3861428,4994462,65.76,40.3,26.47,,6679
Europe,OWID_EUR,2021-06-27,497622242,303942838,201039157,,5919042,4947947,66.55,40.65,26.89,,6617
Europe,OWID_EUR,2021-06-28,501756945,305627088,203678892,,4134703,5016816,67.1,40.87,27.24,,6709
Europe,OWID_EUR,2021-06-29,506823675,307828899,206687393,,5066730,4939441,67.78,41.17,27.64,,6606
Europe,OWID_EUR,2021-06-30,512329375,310318883,209799124,,5505700,4955966,68.52,41.5,28.06,,6628
Europe,OWID_EUR,2021-07-01,517888694,312925679,212847363,,5559319,4953155,69.26,41.85,28.47,,6624
Europe,OWID_EUR,2021-07-02,522524754,315210054,215261694,,4636060,4954712,69.88,42.15,28.79,,6626
Europe,OWID_EUR,2021-07-03,525786073,316568648,217224712,,3261319,4868982,70.32,42.34,29.05,,6512
Europe,OWID_EUR,2021-07-04,531374834,319540727,220838701,,5588761,4821799,71.06,42.73,29.53,,6448
Europe,OWID_EUR,2021-07-05,535816697,321271916,223679588,,4441863,4865679,71.66,42.97,29.91,,6507
Europe,OWID_EUR,2021-07-06,541180058,323666070,226816542,,5363361,4908055,72.37,43.29,30.33,,6564
Europe,OWID_EUR,2021-07-07,546660391,325890969,230335122,,5480333,4904431,73.11,43.58,30.8,,6559
Europe,OWID_EUR,2021-07-08,551627392,327756072,233456899,,4967001,4819814,73.77,43.83,31.22,,6446
Europe,OWID_EUR,2021-07-09,556421558,329749749,236319935,,4794166,4842401,74.41,44.1,31.6,,6476
Europe,OWID_EUR,2021-07-10,559468219,330950237,238198433,,3046661,4811735,74.82,44.26,31.86,,6435
Europe,OWID_EUR,2021-07-11,564171820,333140418,240971317,,4703601,4685284,75.45,44.55,32.23,,6266
Europe,OWID_EUR,2021-07-12,568434478,334597330,244018985,,4262658,4659683,76.02,44.75,32.63,,6232
Europe,OWID_EUR,2021-07-13,573520011,336618008,247214146,,5085533,4619993,76.7,45.02,33.06,,6179
Europe,OWID_EUR,2021-07-14,578989172,338679587,250641061,,5469161,4618397,77.43,45.29,33.52,,6176
Europe,OWID_EUR,2021-07-15,584058660,340658715,254020913,,5069488,4633038,78.11,45.56,33.97,,6196
Europe,OWID_EUR,2021-07-16,589472493,342968070,257070168,,5413833,4721562,78.83,45.87,34.38,,6314
Europe,OWID_EUR,2021-07-17,592438076,343922378,259053169,,2965583,4709980,79.23,45.99,34.64,,6299
Europe,OWID_EUR,2021-07-18,597482996,346019938,262213303,,5044920,4758739,79.9,46.27,35.07,,6364
Europe,OWID_EUR,2021-07-19,600896518,347181042,264688994,,3413522,4637434,80.36,46.43,35.4,,6202
Europe,OWID_EUR,2021-07-20,606704756,349538286,268114404,,5808238,4740678,81.14,46.75,35.86,,6340
Europe,OWID_EUR,2021-07-21,611553420,351470762,271515263,,4848664,4652035,81.79,47.0,36.31,,6221
Europe,OWID_EUR,2021-07-22,616410775,353436827,274553297,,4857355,4621731,82.44,47.27,36.72,,6181
Europe,OWID_EUR,2021-07-23,621082153,355294334,277453363,,4671378,4515666,83.06,47.52,37.11,,6039
Europe,OWID_EUR,2021-07-24,623352714,356106404,278991249,,2270561,4416377,83.36,47.62,37.31,,5906
Europe,OWID_EUR,2021-07-25,627104465,357438641,281558988,,3751751,4231638,83.87,47.8,37.65,,5659
Europe,OWID_EUR,2021-07-26,630390673,358688636,283777985,,3286208,4213451,84.31,47.97,37.95,,5635
Europe,OWID_EUR,2021-07-27,635028389,360685647,286597381,,4637716,4046233,84.93,48.24,38.33,,5411
Europe,OWID_EUR,2021-07-28,639495420,362514932,289351247,,4467031,3991714,85.52,48.48,38.7,,5338
Europe,OWID_EUR,2021-07-29,644118246,364519180,292000156,,4622826,3958210,86.14,48.75,39.05,,5294
Europe,OWID_EUR,2021-07-30,648188078,366024260,294654361,,4069832,3872275,86.69,48.95,39.41,,5179
Europe,OWID_EUR,2021-07-31,651081965,367143879,296485773,,2893887,3961322,87.07,49.1,39.65,,5298
Europe,OWID_EUR,2021-08-01,654607478,368268418,298660177,,3525513,3929002,87.54,49.25,39.94,,5254
Europe,OWID_EUR,2021-08-02,657409909,369413003,300546819,,2802431,3859891,87.92,49.4,40.19,,5162
Europe,OWID_EUR,2021-08-03,661339553,371089902,303031806,,3929644,3758738,88.44,49.63,40.53,,5027
Europe,OWID_EUR,2021-08-04,665906241,373101633,305675346,,4566688,3772974,89.05,49.9,40.88,,5046
Europe,OWID_EUR,2021-08-05,669488345,374576267,307882222,,3582104,3624300,89.53,50.09,41.17,,4847
Europe,OWID_EUR,2021-08-06,672553050,375798734,309771147,,3064705,3480710,89.94,50.26,41.43,,4655
Europe,OWID_EUR,2021-08-07,675264483,376918411,311435379,,2711433,3454645,90.31,50.41,41.65,,4620
Europe,OWID_EUR,2021-08-08,678383251,377906800,313573491,,3118768,3396539,90.72,50.54,41.94,,4542
Europe,OWID_EUR,2021-08-09,680881322,378908278,315322725,,2498071,3353059,91.06,50.67,42.17,,4484
Europe,OWID_EUR,2021-08-10,685014686,380582395,317857353,,4133364,3382162,91.61,50.9,42.51,,4523
Europe,OWID_EUR,2021-08-11,688980516,382352624,320078191,,3965830,3296325,92.14,51.13,42.81,,4408
Europe,OWID_EUR,2021-08-12,692570734,383873101,322307881,,3590218,3297484,92.62,51.34,43.1,,4410
Europe,OWID_EUR,2021-08-13,697221179,385515504,325360755,,4650445,3524018,93.24,51.56,43.51,,4713
Europe,OWID_EUR,2021-08-14,700640387,386400469,327951925,,3419208,3625129,93.7,51.68,43.86,,4848
Europe,OWID_EUR,2021-08-15,703310185,387272899,329819818,,2669798,3560991,94.06,51.79,44.11,,4762
Europe,OWID_EUR,2021-08-16,705758538,388305573,331430351,,2448353,3553888,94.38,51.93,44.32,,4753
Europe,OWID_EUR,2021-08-17,708871119,389550492,333366304,1289,3112581,3408062,94.8,52.1,44.58,0.0,4558
Europe,OWID_EUR,2021-08-18,712135661,390800573,335458573,3423,3264542,3307878,95.24,52.26,44.86,0.0,4424
Europe,OWID_EUR,2021-08-19,715358202,392089676,337700464,10356,3222541,3255353,95.67,52.44,45.16,0.0,4354
Europe,OWID_EUR,2021-08-20,718585237,393369140,339689134,10356,3227035,3052008,96.1,52.61,45.43,0.0,4082
Europe,OWID_EUR,2021-08-21,720750692,394248056,341003036,10356,2165455,2872901,96.39,52.72,45.6,0.0,3842
Europe,OWID_EUR,2021-08-22,722768601,395092708,342269330,29015,2017909,2779774,96.66,52.84,45.77,0.0,3718
Europe,OWID_EUR,2021-08-23,725021694,395943376,344281348,45520,2253093,2751879,96.96,52.95,46.04,0.01,3680
Europe,OWID_EUR,2021-08-24,728159122,397087283,346334100,63684,3137428,2755429,97.38,53.1,46.32,0.01,3685
Europe,OWID_EUR,2021-08-25,731292763,398237170,348369641,117322,3133641,2736729,97.8,53.26,46.59,0.02,3660
Europe,OWID_EUR,2021-08-26,734274247,399344319,350313869,137357,2981484,2702292,98.2,53.41,46.85,0.02,3614
Europe,OWID_EUR,2021-08-27,737125802,400368669,352186869,138412,2851555,2648652,98.58,53.54,47.1,0.02,3542
Europe,OWID_EUR,2021-08-28,738824752,401018344,353228068,167314,1698950,2582009,98.81,53.63,47.24,0.02,3453
Europe,OWID_EUR,2021-08-29,740230887,401559442,354199110,170756,1406135,2494612,98.99,53.7,47.37,0.02,3336
Europe,OWID_EUR,2021-08-30,741461072,402115978,354910834,170756,1230185,2348483,99.16,53.78,47.46,0.02,3141
United States,USA,2020-12-20,556208,556208,,,,,0.17,0.17,,,
United States,USA,2020-12-21,614117,614117,,,57909,57909,0.18,0.18,,,172
United States,USA,2020-12-22,,,,,,127432,,,,,379
United States,USA,2020-12-23,1008025,1008025,,,,150606,0.3,0.3,,,448
United States,USA,2020-12-24,,,,,,191001,,,,,568
United States,USA,2020-12-25,,,,,,215238,,,,,640
United States,USA,2020-12-26,1944585,1944585,,,,231396,0.58,0.58,,,688
United States,USA,2020-12-27,,,,,,211379,,,,,628
United States,USA,2020-12-28,2127143,2127143,,,,216147,0.63,0.63,,,643
United States,USA,2020-12-29,,,,,,235685,,,,,701
United States,USA,2020-12-30,2794588,2794588,,,,255223,0.83,0.83,,,759
United States,USA,2020-12-31,,,,,,278776,,,,,829
United States,USA,2021-01-01,,,,,,302329,,,,,899
United States,USA,2021-01-02,4225756,4225756,,,,325882,1.26,1.26,,,969
United States,USA,2021-01-03,,,,,,336949,,,,,1002
United States,USA,2021-01-04,4563260,4563260,,,,348017,1.36,1.36,,,1035
United States,USA,2021-01-05,4836469,4836469,,,273209,339372,1.44,1.44,,,1009
United States,USA,2021-01-06,5306797,5306797,,,470328,358887,1.58,1.58,,,1067
United States,USA,2021-01-07,5919418,5919418,,,612621,378253,1.76,1.76,,,1125
United States,USA,2021-01-08,6688231,6688231,,,768813,419933,1.99,1.99,,,1249
United States,USA,2021-01-09,,,,,,461263,,,,,1371
United States,USA,2021-01-10,,,,,,546636,,,,,1625
United States,USA,2021-01-11,8987322,8987322,,,,632009,2.67,2.67,,,1879
United States,USA,2021-01-12,9327138,9327138,,,339816,641524,2.77,2.77,,,1907
United States,USA,2021-01-13,10278462,,,,951324,710238,3.06,,,,2112
United States,USA,2021-01-14,11148991,9690757,1342086,,870529,747082,3.31,2.88,0.4,,2221
United States,USA,2021-01-15,12279180,10595866,1610524,,1130189,798707,3.65,3.15,0.48,,2375
United States,USA,2021-01-16,,,,,,811670,,,,,2413
United States,USA,2021-01-17,,,,,,824632,,,,,2452
United States,USA,2021-01-18,,,,,,837595,,,,,2490
United States,USA,2021-01-19,15707588,13595803,2023124,,,911493,4.67,4.04,0.6,,2710
United States,USA,2021-01-20,16525281,14270441,2161419,,817693,892403,4.91,4.24,0.64,,2653
United States,USA,2021-01-21,17546374,15053257,2394961,,1021093,913912,5.22,4.48,0.71,,2717
United States,USA,2021-01-22,19107959,16243093,2756953,,1561585,975540,5.68,4.83,0.82,,2901
United States,USA,2021-01-23,20537990,17390345,3027865,,1430031,1057387,6.11,5.17,0.9,,3144
United States,USA,2021-01-24,21848655,18502131,3216836,,1310665,1122182,6.5,5.5,0.96,,3337
United States,USA,2021-01-25,22734243,19252279,3346390,,885588,1126251,6.76,5.72,0.99,,3349
United States,USA,2021-01-26,23540994,19902237,3481921,,806751,1119058,7.0,5.92,1.04,,3327
United States,USA,2021-01-27,24652634,20687970,3801053,,1111640,1161050,7.33,6.15,1.13,,3452
United States,USA,2021-01-28,26193682,21698606,4263056,,1541048,1235330,7.79,6.45,1.27,,3673
United States,USA,2021-01-29,27884661,22858318,4780888,,1690979,1253815,8.29,6.8,1.42,,3728
United States,USA,2021-01-30,29577902,24064165,5259693,,1693241,1291416,8.79,7.16,1.56,,3840
United States,USA,2021-01-31,31123299,25201143,5657142,,1545397,1324949,9.25,7.49,1.68,,3939
United States,USA,2021-02-01,32222402,26023153,5927847,,1099103,1355451,9.58,7.74,1.76,,4030
United States,USA,2021-02-02,32780860,26440836,6064792,,558458,1319981,9.75,7.86,1.8,,3925
United States,USA,2021-02-03,33878254,27154956,6436931,,1097394,1317946,10.07,8.07,1.91,,3919
United States,USA,2021-02-04,35203710,27905197,6926050,,1325456,1287147,10.47,8.3,2.06,,3827
United States,USA,2021-02-05,36819212,28909497,7503864,,1615502,1276364,10.95,8.6,2.23,,3795
United States,USA,2021-02-06,39037964,30250964,8317180,,2218752,1351437,11.61,8.99,2.47,,4018
United States,USA,2021-02-07,41210937,31579100,9147185,,2172973,1441091,12.25,9.39,2.72,,4285
United States,USA,2021-02-08,42417617,32340146,9518015,,1206680,1456459,12.61,9.62,2.83,,4331
United States,USA,2021-02-09,43206190,32867213,9840429,,788573,1489333,12.85,9.77,2.93,,4428
United States,USA,2021-02-10,44769970,33783384,10469514,,1563780,1555959,13.31,10.04,3.11,,4626
United States,USA,2021-02-11,46390270,34723964,11188782,,1620300,1598080,13.79,10.32,3.33,,4752
United States,USA,2021-02-12,48410558,35834855,12085830,,2020288,1655907,14.39,10.65,3.59,,4924
United States,USA,2021-02-13,50641884,37056122,13082172,,2231326,1657703,15.06,11.02,3.89,,4929
United States,USA,2021-02-14,52884356,38292270,14077440,,2242472,1667631,15.72,11.39,4.19,,4958
United States,USA,2021-02-15,,,,,,1662106,,,,,4942
United States,USA,2021-02-16,55220364,39670551,15015434,,,1716311,16.42,11.8,4.46,,5103
United States,USA,2021-02-17,56281827,40268009,15471536,,1061463,1644551,16.73,11.97,4.6,,4890
United States,USA,2021-02-18,57737767,41021049,16162358,,1455940,1621071,17.17,12.2,4.81,,4820
United States,USA,2021-02-19,59585043,41977401,17039118,,1847276,1596355,17.72,12.48,5.07,,4746
United States,USA,2021-02-20,61289500,42809595,17895667,,1704457,1521088,18.22,12.73,5.32,,4523
United States,USA,2021-02-21,63090634,43628092,18865319,,1801134,1458040,18.76,12.97,5.61,,4335
United States,USA,2021-02-22,64177474,44138118,19438495,,1086840,1446445,19.08,13.12,5.78,,4301
United States,USA,2021-02-23,65032083,44544969,19882544,,854609,1401674,19.34,13.24,5.91,,4168
United States,USA,2021-02-24,66464947,45237143,20607261,,1432864,1454731,19.76,13.45,6.13,,4325
United States,USA,2021-02-25,68274117,46074392,21555117,,1809170,1505193,20.3,13.7,6.41,,4475
United States,USA,2021-02-26,70454064,47184199,22613359,,2179947,1552717,20.95,14.03,6.72,,4617
United States,USA,2021-02-27,72806180,48435536,23698627,,2352116,1645240,21.65,14.4,7.05,,4892
United States,USA,2021-02-28,75236003,49772180,24779920,,2429823,1735053,22.37,14.8,7.37,,5159
United States,USA,2021-03-01,76899987,50732997,25466405,,1663984,1817502,22.86,15.08,7.57,,5404
United States,USA,2021-03-02,78631601,51755447,26162122,,1731614,1942788,23.38,15.39,7.78,,5777
United States,USA,2021-03-03,80540474,52855579,26957804,,1908873,2010790,23.95,15.72,8.02,,5979
United States,USA,2021-03-04,82572848,54035670,27795980,,2032374,2042676,24.55,16.07,8.26,,6074
United States,USA,2021-03-05,85008094,55547697,28701201,,2435246,2079147,25.28,16.52,8.53,,6182
United States,USA,2021-03-06,87912323,57358849,29776160,,2904229,2158020,26.14,17.05,8.85,,6416
United States,USA,2021-03-07,90351750,58873710,30686881,,2439427,2159392,26.86,17.51,9.12,,6421
United States,USA,2021-03-08,92089852,60005231,31493040,,1738102,2169981,27.38,17.84,9.36,,6452
United States,USA,2021-03-09,93692598,61088527,32102061,,1602746,2151571,27.86,18.16,9.54,,6397
United States,USA,2021-03-10,95721290,62451150,32904161,,2028692,2168688,28.46,18.57,9.78,,6448
United States,USA,2021-03-11,98203893,64071674,33863127,,2482603,2233006,29.2,19.05,10.07,,6639
United States,USA,2021-03-12,101128005,65965305,35000159,,2924112,2302844,30.07,19.61,10.41,,6847
United States,USA,2021-03-13,105703501,68884011,36929777,,4575496,2541597,31.43,20.48,10.98,,7557
United States,USA,2021-03-14,107060274,69784210,37459269,,1356773,2386932,31.83,20.75,11.14,,7097
United States,USA,2021-03-15,109081860,71054445,38335432,,2021586,2427430,32.43,21.13,11.4,,7218
United States,USA,2021-03-16,110737856,72135616,39042345,,1655996,2435037,32.93,21.45,11.61,,7240
United States,USA,2021-03-17,113037627,73669956,39989196,,2299771,2473762,33.61,21.9,11.89,,7355
United States,USA,2021-03-18,115730008,75495716,40981464,,2692381,2503731,34.41,22.45,12.19,,7444
United States,USA,2021-03-19,118313818,77230061,41934629,,2583810,2455116,35.18,22.96,12.47,,7300
United States,USA,2021-03-20,121441497,79367225,43036818,,3127679,2248285,36.11,23.6,12.8,,6685
United States,USA,2021-03-21,124481412,81415769,44141228,,3039915,2488734,37.01,24.21,13.12,,7400
United States,USA,2021-03-22,126509736,82772416,44910946,,2028324,2489697,37.62,24.61,13.35,,7403
United States,USA,2021-03-23,128217029,83930495,45533962,,1707293,2497025,38.12,24.96,13.54,,7424
United States,USA,2021-03-24,130473853,85472166,46365515,,2256824,2490889,38.79,25.41,13.79,,7406
United States,USA,2021-03-25,133305295,87343622,47419832,,2831442,2510755,39.64,25.97,14.1,,7465
United States,USA,2021-03-26,136684688,89559225,48695172,,3379393,2624410,40.64,26.63,14.48,,7803
United States,USA,2021-03-27,140180735,91707729,50141769,,3496047,2677034,41.68,27.27,14.91,,7960
United States,USA,2021-03-28,143462691,93631163,51593564,,3281956,2711611,42.66,27.84,15.34,,8062
United States,USA,2021-03-29,145812835,95015762,52614231,,2350144,2757586,43.35,28.25,15.64,,8199
United States,USA,2021-03-30,147602345,96044046,53423486,,1789510,2769331,43.89,28.56,15.88,,8234
United States,USA,2021-03-31,150273292,97593290,54607041,,2670947,2828491,44.68,29.02,16.24,,8410
United States,USA,2021-04-01,153631404,99565311,56089614,,3358112,2903730,45.68,29.6,16.68,,8634
United States,USA,2021-04-02,157606463,101804762,57984785,,3975059,2988825,46.86,30.27,17.24,,8887
United States,USA,2021-04-03,161688422,104213478,59858146,,4081959,3072527,48.08,30.99,17.8,,9136
United States,USA,2021-04-04,165053746,106214924,61416536,,3365324,3084436,49.08,31.58,18.26,,9171
United States,USA,2021-04-05,167187795,107515428,62392065,,2134049,3053566,49.71,31.97,18.55,,9079
United States,USA,2021-04-06,168592075,108301234,63016976,,1404280,2998533,50.13,32.2,18.74,,8916
United States,USA,2021-04-07,171476655,109995734,64422618,,2884580,3029052,50.99,32.71,19.15,,9006
United States,USA,2021-04-08,174879716,112046611,66203123,,3403061,3035473,52.0,33.32,19.68,,9025
United States,USA,2021-04-09,178837781,114436039,68202458,,3958065,3033045,53.17,34.03,20.28,,9018
United States,USA,2021-04-10,183467709,117142879,70692645,,4629928,3111327,54.55,34.83,21.02,,9251
United States,USA,2021-04-11,187047131,119242902,72630892,,3579422,3141912,55.62,35.45,21.6,,9342
United States,USA,2021-04-12,189692045,120848490,74066085,,2644914,3214893,56.4,35.93,22.02,,9559
United States,USA,2021-04-13,192282781,122295530,75322283,,2590736,3384387,57.17,36.36,22.4,,10063
United States,USA,2021-04-14,194791836,123917385,76681252,,2509055,3330740,57.92,36.84,22.8,,9903
United States,USA,2021-04-15,198317040,125822868,78498290,,3525204,3348189,58.97,37.41,23.34,,9955
United States,USA,2021-04-16,202282923,127743096,80609818,,3965883,3349306,60.15,37.98,23.97,,9959
United States,USA,2021-04-17,205871913,129494179,82471151,,3588990,3200601,61.21,38.5,24.52,,9516
United States,USA,2021-04-18,209406814,131247546,84263408,,3534901,3194240,62.26,39.02,25.05,,9497
United States,USA,2021-04-19,211581309,132321628,85365180,,2174495,3127038,62.91,39.34,25.38,,9298
United States,USA,2021-04-20,213388238,133266995,86223506,,1806929,3015065,63.45,39.62,25.64,,8965
United States,USA,2021-04-21,215951909,134445595,87592646,,2563671,3022868,64.21,39.97,26.04,,8988
United States,USA,2021-04-22,218947643,135791031,89245776,,2995734,2947229,65.1,40.37,26.54,,8763
United States,USA,2021-04-23,222322230,137234889,91175995,,3374587,2862758,66.1,40.8,27.11,,8512
United States,USA,2021-04-24,225640460,138644724,93078040,,3318230,2824078,67.09,41.22,27.68,,8397
United States,USA,2021-04-25,228661408,139978480,94772329,,3020948,2750656,67.99,41.62,28.18,,8179
United States,USA,2021-04-26,230768454,140969663,95888088,,2107046,2741021,68.61,41.91,28.51,,8150
United States,USA,2021-04-27,232407669,141751857,96747454,,1639215,2717062,69.1,42.15,28.77,,8079
United States,USA,2021-04-28,234639414,142692987,98044421,,2231745,2669644,69.77,42.43,29.15,,7938
United States,USA,2021-04-29,237360493,143793565,99668945,,2721079,2630407,70.57,42.75,29.63,,7821
United States,USA,2021-04-30,240159677,144894586,101407318,,2799184,2548207,71.41,43.08,30.15,,7577
United States,USA,2021-05-01,243463471,146239208,103422555,,3303794,2546144,72.39,43.48,30.75,,7570
United States,USA,2021-05-02,245591469,147047012,104774652,,2127998,2418580,73.02,43.72,31.15,,7191
United States,USA,2021-05-03,246780203,147517734,105523520,,1188734,2287393,73.38,43.86,31.38,,6801
United States,USA,2021-05-04,247769049,147894671,106168588,,988846,2194483,73.67,43.97,31.57,,6525
United States,USA,2021-05-05,249566820,148562891,107346533,,1797771,2132487,74.2,44.17,31.92,,6341
United States,USA,2021-05-06,251973752,149462265,108926627,,2406932,2087608,74.92,44.44,32.39,,6207
United States,USA,2021-05-07,254779333,150416559,110874920,,2805581,2088522,75.75,44.72,32.97,,6210
United States,USA,2021-05-08,257347205,151315505,112626771,,2567872,1983391,76.52,44.99,33.49,,5897
United States,USA,2021-05-09,259716989,152116936,114258244,,2369784,2017931,77.22,45.23,33.97,,6000
United States,USA,2021-05-10,261599381,152819904,115530780,,1882392,2117025,77.78,45.44,34.35,,6295
United States,USA,2021-05-11,263132561,153448316,116576359,,1533180,2194787,78.24,45.63,34.66,,6526
United States,USA,2021-05-12,264680844,153986312,117647439,,1548283,2159146,78.7,45.79,34.98,,6420
United States,USA,2021-05-13,266596486,154624231,118987308,,1915642,2088962,79.27,45.97,35.38,,6211
United States,USA,2021-05-14,268438666,155251852,120258637,,1842180,1951333,79.82,46.16,35.76,,5802
United States,USA,2021-05-15,270832342,156217367,121768268,,2393676,1926448,80.53,46.45,36.21,,5728
United States,USA,2021-05-16,272925411,157132234,122999721,,2093069,1886917,81.15,46.72,36.57,,5610
United States,USA,2021-05-17,274411901,157827208,123828224,,1486490,1830360,81.59,46.93,36.82,,5442
United States,USA,2021-05-18,275535207,158365411,124455693,,1123306,1771807,81.93,47.09,37.0,,5268
United States,USA,2021-05-19,277290173,159174963,125453423,,1754966,1801333,82.45,47.33,37.3,,5356
United States,USA,2021-05-20,279397250,160177820,126605166,,2107077,1828681,83.07,47.63,37.64,,5437
United States,USA,2021-05-21,281595351,161278336,127778250,,2198101,1879526,83.73,47.95,37.99,,5588
United States,USA,2021-05-22,283941223,162470794,129006463,,2345872,1872697,84.42,48.31,38.36,,5568
United States,USA,2021-05-23,285720586,163309414,130014175,,1779363,1827882,84.95,48.56,38.66,,5435
United States,USA,2021-05-24,286890900,163907827,130615797,,1170314,1782714,85.3,48.73,38.84,,5301
United States,USA,2021-05-25,287788872,164378258,131078608,,897972,1750524,85.57,48.87,38.97,,5205
United States,USA,2021-05-26,289212304,165074907,131850089,,1423432,1703162,85.99,49.08,39.2,,5064
United States,USA,2021-05-27,290724607,165718717,132769894,,1512303,1618194,86.44,49.27,39.48,,4811
United States,USA,2021-05-28,292099778,166388129,133532544,,1375171,1500632,86.85,49.47,39.7,,4462
United States,USA,2021-05-29,293705050,167157043,134418748,,1605272,1394832,87.33,49.7,39.97,,4147
United States,USA,2021-05-30,294928850,167733972,135087319,,1223800,1315466,87.69,49.87,40.17,,3911
United States,USA,2021-05-31,,,,,,1253664,,,,,3728
United States,USA,2021-06-01,296404240,168489729,135867425,,,1230767,88.13,50.1,40.4,,3659
United States,USA,2021-06-02,296912892,168734435,136155250,,508652,1100084,88.28,50.17,40.48,,3271
United States,USA,2021-06-03,297720928,169090262,136644618,,808036,999474,88.52,50.28,40.63,,2972
United States,USA,2021-06-04,299120522,169735441,137455367,,1399594,1002963,88.94,50.47,40.87,,2982
United States,USA,2021-06-05,300268730,170272150,138112702,,1148208,937669,89.28,50.63,41.07,,2788
United States,USA,2021-06-06,301638578,170833221,138969323,,1369848,958533,89.69,50.79,41.32,,2850
United States,USA,2021-06-07,302851917,171310738,139748661,,1213339,1026482,90.05,50.94,41.55,,3052
United States,USA,2021-06-08,303923667,171731584,140441957,,1071750,1074204,90.37,51.06,41.76,,3194
United States,USA,2021-06-09,304753476,172054276,140980110,,829809,1120083,90.61,51.16,41.92,,3330
United States,USA,2021-06-10,305687618,172423605,141583252,,934142,1138099,90.89,51.27,42.1,,3384
United States,USA,2021-06-11,306509795,172758350,142095530,,822177,1055610,91.14,51.37,42.25,,3139
United States,USA,2021-06-12,308112728,173391711,143119077,,1602933,1120571,91.61,51.55,42.55,,3332
United States,USA,2021-06-13,309322545,173840483,143921222,,1209817,1097710,91.97,51.69,42.79,,3264
United States,USA,2021-06-14,310645827,174234573,144919339,,1323282,1113416,92.36,51.81,43.09,,3311
United States,USA,2021-06-15,311886674,174674144,145768367,,1240847,1137572,92.73,51.94,43.34,,3382
United States,USA,2021-06-16,312915170,175053401,146456124,,1028496,1165956,93.04,52.05,43.55,,3467
United States,USA,2021-06-17,314969386,175867860,147758585,,2054216,1325967,93.65,52.29,43.93,,3943
United States,USA,2021-06-18,316048776,176290249,148459003,,1079390,1362712,93.97,52.42,44.14,,4052
United States,USA,2021-06-19,317117797,176737141,149125164,,1069021,1286438,94.29,52.55,44.34,,3825
United States,USA,2021-06-20,317966408,177088290,149667646,,848611,1234838,94.54,52.65,44.5,,3672
United States,USA,2021-06-21,318576441,177342954,150046006,,610033,1132945,94.72,52.73,44.61,,3369
United States,USA,2021-06-22,319223844,177635067,150424675,,647403,1048167,94.92,52.82,44.73,,3117
United States,USA,2021-06-23,319872053,177948892,150787303,,648209,993840,95.11,52.91,44.83,,2955
United States,USA,2021-06-24,320687205,178331677,151252034,,815152,816831,95.35,53.02,44.97,,2429
United States,USA,2021-06-25,321199379,178491147,151615554,,512174,735800,95.5,53.07,45.08,,2188
United States,USA,2021-06-26,322123103,178873816,152184243,,923724,715044,95.78,53.18,45.25,,2126
United States,USA,2021-06-27,323327328,179261269,153028665,,1204225,765846,96.14,53.3,45.5,,2277
United States,USA,2021-06-28,324414371,179615165,153776118,,1087043,833990,96.46,53.41,45.72,,2480
United States,USA,2021-06-29,325152847,179940202,154199664,,738476,847000,96.68,53.5,45.85,,2518
United States,USA,2021-06-30,326521526,180674739,154884686,,1368679,949925,97.09,53.72,46.05,,2824
United States,USA,2021-07-01,328152304,181339416,155884601,,1630778,1066443,97.57,53.92,46.35,,3171
United States,USA,2021-07-02,328809470,181650678,156255896,,657166,1087156,97.77,54.01,46.46,,3232
United States,USA,2021-07-03,329970551,182109860,156982549,,1161081,1121064,98.11,54.15,46.68,,3333
United States,USA,2021-07-04,330604253,182412776,157323738,,633702,1039561,98.3,54.24,46.78,,3091
United States,USA,2021-07-05,,,,,,927847,,,,,2759
United States,USA,2021-07-06,331214347,182714064,157636088,,,865929,98.48,54.33,46.87,,2575
United States,USA,2021-07-07,331651464,182896080,157908171,,437117,732848,98.61,54.38,46.95,,2179
United States,USA,2021-07-08,332345797,183237046,158287566,,694333,599070,98.82,54.48,47.06,,1781
United States,USA,2021-07-09,332966409,183542871,158629431,,620612,593848,99.0,54.57,47.17,,1766
United States,USA,2021-07-10,333565404,183836917,158954417,,598995,513550,99.18,54.66,47.26,,1527
United States,USA,2021-07-11,334151648,184132768,159266536,,586244,506771,99.35,54.75,47.35,,1507
United States,USA,2021-07-12,334600770,184365333,159499224,,449122,527353,99.49,54.82,47.42,,1568
United States,USA,2021-07-13,334942236,184543821,159675163,,341466,532556,99.59,54.87,47.48,,1583
United States,USA,2021-07-14,335487779,184835149,160126516,,545543,548045,99.75,54.96,47.61,,1630
United States,USA,2021-07-15,336054953,185135757,160408538,,567174,529879,99.92,55.05,47.69,,1575
United States,USA,2021-07-16,336604158,185424899,160686378,,549205,519678,100.08,55.13,47.78,,1545
United States,USA,2021-07-17,337239448,185765452,160994035,,635290,524863,100.27,55.23,47.87,,1561
United States,USA,2021-07-18,337740358,186038501,161232483,,500910,512673,100.42,55.32,47.94,,1524
United States,USA,2021-07-19,338247434,186317651,161473715,,507076,520952,100.57,55.4,48.01,,1549
United States,USA,2021-07-20,338491374,186474836,161631676,,243940,507020,100.64,55.44,48.06,,1508
United States,USA,2021-07-21,339102867,186819440,161895045,,611493,516441,100.83,55.55,48.14,,1536
United States,USA,2021-07-22,339763765,187216168,162174165,,660898,529830,101.02,55.67,48.22,,1575
United States,USA,2021-07-23,340363922,187579557,162435276,,600157,537109,101.2,55.77,48.3,,1597
United States,USA,2021-07-24,341039972,187982826,162725812,,676050,542932,101.4,55.89,48.38,,1614
United States,USA,2021-07-25,341818968,188472188,163025726,,778996,582659,101.63,56.04,48.47,,1732
United States,USA,2021-07-26,342212051,188729282,163173366,,393083,566374,101.75,56.12,48.52,,1684
United States,USA,2021-07-27,342607540,188996475,163312474,,395489,588024,101.87,56.19,48.56,,1748
United States,USA,2021-07-28,343361524,189494180,163588042,,753984,608380,102.09,56.34,48.64,,1809
United States,USA,2021-07-29,344071595,189945907,163868916,,710071,615404,102.3,56.48,48.72,,1830
United States,USA,2021-07-30,344928514,190509183,164184080,,856919,652085,102.56,56.64,48.82,,1939
United States,USA,2021-07-31,345640466,190982149,164446964,,711952,657213,102.77,56.79,48.9,,1954
United States,USA,2021-08-01,346456669,191498983,164757423,,816203,662529,103.01,56.94,48.99,,1970
United States,USA,2021-08-02,346924345,191818585,164919666,,467676,673185,103.15,57.03,49.04,,2002
United States,USA,2021-08-03,347377149,192120576,165081416,,452804,681373,103.29,57.12,49.08,,2026
United States,USA,2021-08-04,348102478,192614017,165334987,,725329,677279,103.5,57.27,49.16,,2014
United States,USA,2021-08-05,348966419,193199353,165637566,,863941,699261,103.76,57.44,49.25,,2079
United States,USA,2021-08-06,349787479,193764457,165918256,,821060,694138,104.0,57.61,49.33,,2064
United States,USA,2021-08-07,350627188,194346486,166203176,,839709,712389,104.25,57.79,49.42,,2118
United States,USA,2021-08-08,351400930,194866738,166477481,,773742,706323,104.48,57.94,49.5,,2100
United States,USA,2021-08-09,351933175,195222906,166654374,,532245,715547,104.64,58.05,49.55,,2128
United States,USA,2021-08-10,352550944,195646711,166861912,,617769,739114,104.82,58.17,49.61,,2198
United States,USA,2021-08-11,353205544,196077952,167105507,,654600,729009,105.02,58.3,49.69,,2168
United States,USA,2021-08-12,353859894,196505543,167354729,,654350,699068,105.21,58.43,49.76,,2079
United States,USA,2021-08-13,354777950,197081471,167699170,,918056,712924,105.49,58.6,49.86,,2120
United States,USA,2021-08-14,355768825,197685048,168090925,,990875,734520,105.78,58.78,49.98,,2184
United States,USA,2021-08-15,356433665,198088722,168362058,,664840,718962,105.98,58.9,50.06,,2138
United States,USA,2021-08-16,357292057,198595349,168689357,,858392,765555,106.23,59.05,50.16,,2276
United States,USA,2021-08-17,357894995,198929642,168897604,,602938,763436,106.41,59.15,50.22,,2270
United States,USA,2021-08-18,358599835,199325940,169186268,,704840,770613,106.62,59.27,50.3,,2291
United States,USA,2021-08-19,359623380,199887548,169592873,,1023545,823355,106.93,59.43,50.43,,2448
United States,USA,2021-08-20,360634287,200421787,169998983,,1010907,836620,107.23,59.59,50.55,,2488
United States,USA,2021-08-21,361684564,200947556,170406785,,1050277,845106,107.54,59.75,50.67,,2513
United States,USA,2021-08-22,362657771,201425785,170821621,,973207,889158,107.83,59.89,50.79,,2644
United States,USA,2021-08-23,363267789,201718587,171088954,,610018,853676,108.01,59.98,50.87,,2538
United States,USA,2021-08-24,363915792,202041893,171367657,,648003,860114,108.2,60.07,50.95,,2557
United States,USA,2021-08-25,364842701,202500853,171773370,,926909,891838,108.48,60.21,51.07,,2652
United States,USA,2021-08-26,365767674,202961676,172171009,,924973,877756,108.75,60.35,51.19,,2610
United States,USA,2021-08-27,366838484,203475192,172646952,,1070810,886314,109.07,60.5,51.33,,2635
United States,USA,2021-08-28,367911870,203992008,173101292,,1073386,889615,109.39,60.65,51.47,,2645
United States,USA,2021-08-29,368863734,204435968,173520211,,951864,886566,109.67,60.79,51.59,,2636
United States,USA,2021-08-30,369556911,204742648,173832202,,693177,898446,109.88,60.88,51.69,,2671